<?xml version="1.0" encoding="UTF-8" standalone="yes"?>
<addon id="service.languagepreferencemanager.vn" name="Language Preference Manager" version="1.0.1" provider-name="ace20022/scott967/rockrider69">
	<requires>
		<import addon="xbmc.python" version="3.0.0"/>
	</requires>
	<extension point="xbmc.service" library="default.py" start="login"/>
	<extension point="xbmc.python.script" library="default.py">
		<provides>executable</provides>
	</extension>
	<extension point="xbmc.addon.metadata">
	    <reuselanguageinvoker>true</reuselanguageinvoker>
		<summary lang="en_GB">Language Preference Manager</summary>
		<description lang="en_GB">Sets the audio and subtitle track according to your language preferences</description>
		<disclaimer lang="en_GB">For bugs, requests or general questions visit the Language Preference Manager thread on the Kodi forum.</disclaimer>
		<platform>all</platform>
		<news>
		1.0.1: Mandatory clean-up to propose as candidate version for Kodi.tv addons repository.
		</news>
		<assets>
			<icon>resources/icon.png</icon>
		</assets>
	</extension>
</addon>