<?xml version="1.0" encoding="UTF-8" standalone="yes"?>
<addon id="plugin.video.vnmedia" name="VN Media" version="4.2.8" provider-name="mkendo">
<requires>
  <import addon="xbmc.python" version="3.0.1"/>
  <import addon="script.module.codequick" version="1.1.8"/>
  <import addon="script.module.beautifulsoup4" version="1.12.0"/>
  <import addon="script.module.cloudscraperkd" version="1.2.68"/>
  <import addon="script.module.inputstreamhelper" version="0.2.0"/>
  <import addon="script.module.resolveurl" version="5.1.110"/>
  <import addon="script.module.pycryptodome" version="3.4.3"/>
  <import addon="script.module.unidecode" version="1.3.0"/>
  <import addon="inputstream.adaptive" version="20.0.0"/>
  <import addon="plugin.video.youtube" version="0.0.1"/>
</requires>
<extension point="xbmc.python.pluginsource" library="mkendo.py">
  <provides>audio video</provides>
</extension>
<extension point="xbmc.service" library="service.py"/>
<extension point="xbmc.addon.metadata">
  <reuselanguageinvoker>true</reuselanguageinvoker>
  <summary lang="vi_VN">VN Media Omega</summary>
  <description lang="vi_VN">Yêu cầu:
  + Kodi 20 trở lên.
  + Mở chế độ "Cập nhật các tiện ích từ Bất kỳ kho lưu trữ nào" bằng cách:
    - Anh ngữ: Settings > System > Add-ons > Unknown sources > Any repositories
    - Việt ngữ: Cài đặt > Hệ thống > Tiện ích > Không rõ nguồn gốc > Bất kỳ kho lưu trữ nào
  </description>
  <disclaimer lang="vi_VN">Nội dung được chia sẻ và lưu trữ bởi một ứng dụng bên thứ ba. VNM hoạt động giống như một công cụ thu thập tìm kiếm từ Internet. Chúng tôi không sở hữu, không lưu trữ nội dung này và sẽ không chịu trách nhiệm cho các vấn đề liên quan. Đề nghị khán giả cân nhắc nội dung khi sử dụng tài nguyên.</disclaimer>
  <platform>all</platform>
  <language>vi</language>
  <license>GPL-2.0-or-later</license>
  <assets>
    <icon>resources/icon.png</icon>
    <fanart>resources/fanart.png</fanart>
  </assets>
  <news>Yêu cầu:
  + Kodi 20 trở lên.
  + Mở chế độ "Cập nhật các tiện ích từ Bất kỳ kho lưu trữ nào" bằng cách:
    - Anh ngữ: Settings > System > Add-ons > Unknown sources > Any repositories
    - Việt ngữ: Cài đặt > Hệ thống > Tiện ích > Không rõ nguồn gốc > Bất kỳ kho lưu trữ nào
  
Nội dung được chia sẻ và lưu trữ bởi một ứng dụng bên thứ ba. VNM hoạt động giống như một công cụ thu thập tìm kiếm từ Internet.
Chúng tôi không sở hữu, không lưu trữ nội dung này và sẽ không chịu trách nhiệm cho các vấn đề liên quan. Đề nghị khán giả cân nhắc nội dung khi sử dụng tài nguyên.
</news>
</extension>
</addon>