<?xml version="1.0" encoding="UTF-8" standalone="yes"?>
<addon id="plugin.program.kendosetup" name="[COLOR red]KENDO[/COLOR] [COLOR blue]SETUP[/COLOR]" version="0.0.1" provider-name="mkendo">
    <requires>
        <import addon="xbmc.python" version="3.0.0" />
        <import addon="script.module.requests" />
        <import addon="script.module.six" />
        <import addon="script.speedtester" />
    </requires>    
    <extension point="xbmc.python.pluginsource" library="default.py">
        <provides>executable</provides>
    </extension>    
    <extension point="xbmc.service" library="startup.py" start="startup" />    
    <extension point="xbmc.addon.metadata">
        <summary lang="en">KENDO SETUP</summary>
        <disclaimer lang="en">KENDO SETUP</disclaimer>
        <platform>all</platform>
        <reuselanguageinvoker>true</reuselanguageinvoker>
        <assets>
            <icon>icon.png</icon>
            <fanart>fanart.png</fanart>
        </assets>
    </extension>
</addon>