<?xml version="1.0" encoding="UTF-8" standalone="yes"?>
<addon id="script.module.urllib3" name="urllib3" version="2.2.0" provider-name="urllib3, mkendo">
  <requires>
    <import addon="xbmc.python" version="3.0.0"/>
  </requires>
  <extension point="xbmc.python.module" library="lib" />
  <extension point="xbmc.addon.metadata">
    <reuselanguageinvoker>true</reuselanguageinvoker>
    <summary lang="en_GB">urllib3 is a powerful, user-friendly HTTP client for Python</summary>
    <description lang="en_GB">urllib3 is a powerful, user-friendly HTTP client for Python. Much of the Python ecosystem already uses urllib3 and you should too. urllib3 brings many critical features that are missing from the Python standard libraries</description>
    <license>MIT</license>
    <platform>all</platform>
    <website>https://urllib3.readthedocs.io/en/latest/</website>
    <source>https://github.com/urllib3/urllib3</source>
    <assets>
      <icon>resources/icon.png</icon>
    </assets>
	</extension>
</addon>
