<?xml version="1.0" encoding="UTF-8" standalone="yes"?>
<addon id="plugin.video.vnmedia" name="VN Media" version="2.4.9" provider-name="mkendo">
<requires>
  <import addon="xbmc.python" version="3.0.1"/>
  <import addon="script.module.codequick" version="1.1.8"/>
  <import addon="script.module.beautifulsoup4" version="1.12.0"/>
  <import addon="script.module.cloudscraperkd" version="1.2.68"/>
  <import addon="script.module.inputstreamhelper" version="0.2.0"/>
  <import addon="script.module.pyqrcode" version="1.2.0"/>
  <import addon="inputstream.adaptive" version="20.0.0"/>
</requires>
<extension point="xbmc.python.pluginsource" library="mkendo.py">
  <provides>video</provides>
</extension>
<extension point="xbmc.service" library="service.py"/>
<extension point="xbmc.addon.metadata">
  <reuselanguageinvoker>true</reuselanguageinvoker>
  <summary lang="vi_VN">VN Media Omega</summary>
  <description lang="vi_VN">VN Media là addon được phát triển bởi cộng đồng KODI Việt Nam. Để cài đặt tiện ích này cần bật chế độ "Cập nhật các tiện ích từ Bất kỳ kho lưu trữ nào" trong Cài đặt/Hệ thống/Tiện ích/Không rõ nguồn gốc</description>
  <disclaimer lang="vi_VN">Nội dung được chia sẻ bởi người dùng internet, VNM không kiểm soát cũng như không chịu trách nhiệm về nội dung được chia sẻ. Khán giả đồng ý và cân nhắc nội dung khi sử dụng tài nguyên.</disclaimer>
  <platform>all</platform>
  <language>vi</language>
  <license>GPL-2.0-or-later</license>
  <assets>
    <icon>icon.png</icon>
    <fanart>fanart.png</fanart>
  </assets>
  <news>
V2.4.9_13/04.10.10 Omega
Nội dung được chia sẻ bởi người dùng internet.
VNM không kiểm soát cũng như không chịu trách nhiệm về nội dung được chia sẻ.
  </news>
</extension>
</addon>