<?xml version="1.0" encoding="UTF-8" standalone="yes"?>
<addon id="plugin.video.vnmedia" name="VN Media" version="4.7.4" provider-name="mkendo">
<requires>
  <import addon="xbmc.python" version="3.0.1"/>
  <import addon="script.module.codequick" version="1.1.8"/>
</requires>
<extension point="xbmc.python.pluginsource" library="mkendo.py">
  <provides>video</provides>
</extension>
<extension point="xbmc.addon.metadata">
  <reuselanguageinvoker>true</reuselanguageinvoker>
  <summary lang="vi_VN">VN Media Omega</summary>
  <description lang="vi_VN">OFF - DROP ADDON
  </description>
  <disclaimer lang="vi_VN">OFF - DROP ADDON</disclaimer>
  <platform>all</platform>
  <language>vi</language>
  <license>GPL-2.0-or-later</license>
  <assets>
    <icon>icon.png</icon>
    <fanart>icon.png</fanart>
  </assets>
  <news>OFF - DROP ADDON
</news>
</extension>
</addon>