<?xml version="1.0" encoding="UTF-8"?>
<addon id="plugin.video.vnmedia" version="0.0.3" name="VN Media" provider-name="vnmedia">
<requires>
  <import addon="xbmc.python" version="3.0.0"/>
  <import addon="script.module.codequick" version="1.0.2"/>
  <import addon="script.module.beautifulsoup4" version="4.9.3"/>
  <import addon="script.module.inputstreamhelper" version="0.5.8"/>
</requires>
<extension point="xbmc.python.pluginsource" library="main.py">
  <provides>video</provides>
</extension>
<extension point="xbmc.addon.metadata">
  <summary lang="vi">VN Media</summary>
  <description lang="vi_GB">VN Media là addon được phát triển bởi cộng đồng KODI Việt Nam</description>
  <disclaimer lang="vi_GB">Nội dung lấy trên mạng và do người dùng tự upload lên.</disclaimer>
  <assets>
    <icon>icon.png</icon>
  </assets>
  <news>
  V0.0.3 (10/12/2021)
  - Thêm 1 số list kênh truyền hình
  - Thêm tính năng play acestream
  - Thêm tính năng debug
  ...
  V0.0.2 (10/12/2021)
  - Fix hiển thị danh sách kênh truyền hình
  - Thêm 1 số danh sách thể thao
  </news>
</extension>
</addon>
