<?xml version="1.0" encoding="UTF-8" standalone="yes"?>
<addon id="script.module.lxml" name="lxml" version="4.9.2" provider-name="mkendo">
  <requires>
    <import addon="xbmc.python" version="3.0.0"/>
	<import addon="script.module.Cython" version="0.29.33"/>
	<import addon="script.module.cssselect" version="1.2.0"/>
	<import addon="script.module.html5lib" version="1.1.0"/>
	<import addon="script.module.beautifulsoup4" version="4.9.3"/>
  </requires>
  <extension point="xbmc.python.module" library="lib" />
  <extension point="xbmc.python.pluginsource" library="lib" />
  <extension point="xbmc.addon.metadata">
    <summary lang="en_gb">lxml</summary>
    <description lang="en_gb">lxml</description>
    <disclaimer lang="en_gb"></disclaimer>
    <language></language>
    <platform>all</platform>
    <license></license>
    <forum></forum>
    <website></website>
    <email></email>
    <source></source>
  </extension>
</addon>
