<?xml version="1.0" encoding="UTF-8" standalone="yes"?>
<addon id="plugin.video.vnmedia" name="VN Media" version="1.4.8" provider-name="mkendo">
<requires>
  <import addon="xbmc.python" version="3.0.0"/>
  <import addon="script.module.codequick"/>
  <import addon="script.module.beautifulsoup4"/>
  <import addon="script.module.inputstreamhelper"/>
  <import addon="script.module.pyqrcode"/>
  <import addon="inputstream.adaptive"/>
</requires>
<extension point="xbmc.python.pluginsource" library="mkendo.py">
  <provides>video</provides>
</extension>
<extension point="xbmc.service" library="service.py"/>
<extension point="xbmc.addon.metadata">
  <reuselanguageinvoker>true</reuselanguageinvoker>
  <summary lang="vi">VN Media</summary>
  <description lang="vi_VN">VN Media là addon được phát triển bởi cộng đồng KODI Việt Nam</description>
  <disclaimer lang="vi_VN">Nội dung được chia sẻ bởi người dùng internet, VNM không kiểm soát cũng như không chịu trách nhiệm về nội dung được chia sẻ. Khán giả đồng ý và cân nhắc nội dung khi sử dụng tài nguyên.</disclaimer>
  <language>vi</language>
  <platform>all</platform>
  <license>GPL-2.0</license>
  <assets>
    <icon>icon.png</icon>
    <fanart>fanart.jpg</fanart>
  </assets>
  <news>
V1.4.8_05/10
Ủng hộ quỹ Vì người nghèo Việt Nam
 - VBSP (Ngân hàng Chính sách xã hội)
 - CTK: Quỹ Vì người nghèo trung ương
 - STK: 1000001000171717
  </news>
</extension>
</addon>