<?xml version="1.0" encoding="UTF-8" standalone="yes"?>
<addon id="plugin.video.youtube" name="YouTube" version="6.8.22.1" provider-name="anxdpanic, bromix">
  <requires>
    <import addon="xbmc.python" version="3.0.0" />
    <import addon="script.module.six" />
    <import addon="script.module.requests" />
    <import addon="script.module.inputstreamhelper" />
  </requires>
  <extension point="xbmc.python.pluginsource" library="resources/lib/default.py">
    <provides>video</provides>
  </extension>
  <extension point="xbmc.service" library="resources/lib/startup.py"/>
  <extension point="xbmc.python.module" library="resources/lib/"/>
  <extension point="xbmc.addon.metadata">
    <news>
[chg] Icons and Fanart updated |contrib: papercore-dev|
[add] Add setting General - Hide short videos (1 minute or less)
[add] Add support for /shorts/video_id format links |contrib: jmbreuer|
[add] Add Fanart to Subscriptions
[add] Access to Saved Playlists
[fix] Display of channel fanart
[fix] Misc missing fanart
[lang] translation updates from Weblate
        </news>
    <assets>
      <icon>icon.png</icon>
      <fanart>fanart.jpg</fanart>
    </assets>
    <platform>all</platform>
    <license>GPL-2.0-only</license>
    <forum>https://ytaddon.panicked.xyz/forum</forum>
    <website>https://www.youtube.com</website> <source>https://github.com/anxdpanic/plugin.video.youtube</source>
    <reuselanguageinvoker>true</reuselanguageinvoker>
    <summary lang="en_GB">Plugin for YouTube</summary>
    <summary lang="vi_VN">Plugin dành cho YouTube</summary>
    <description lang="en_GB">YouTube is one of the biggest video-sharing websites of the world.</description>
    <description lang="vi_VN">YouTube là một trong những trang web chia sẻ video lớn nhất trên thế giới.</description>
    <disclaimer lang="en_GB">This plugin is not endorsed by Google</disclaimer>
    <disclaimer lang="vi_VN">Plugin này không được xác nhận bởi Google</disclaimer>
  </extension>
</addon>
