<?xml version="1.0" encoding="UTF-8" standalone="yes"?>
<addon id="repository.vmfmatrix" name="Repo VMF Matrix" version="1.0.3" provider-name="mkendo">
	<extension point="xbmc.addon.repository" name="VietMedia Matrix Add-on Repository">
		<dir>
			<info compressed="false">https://raw.githubusercontent.com/nguyenducmanh609/kodivn/master/addons.xml</info>
			<checksum>https://raw.githubusercontent.com/nguyenducmanh609/kodivn/master/addons.xml.md5</checksum>
			<datadir zip="true">https://github.com/nguyenducmanh609/kodivn/raw/master/repos/</datadir>
		</dir>
	</extension>
	<extension point="xbmc.addon.metadata">
		<summary lang="en">VietMedia Entertainment</summary>
		<description lang="en"></description>
		<genre></genre>
		<assets><icon>icon.png</icon></assets>
	</extension>
</addon>
