<?xml version="1.0" encoding="UTF-8" standalone="yes"?>
<addon id="service.languagepreferencemanager" name="Language Preference Manager" version="0.1.6" provider-name="ace20022/scott967/rockrider69">
	<requires>
		<import addon="xbmc.python" version="3.0.0"/>
	</requires>
	<extension point="xbmc.service" library="default.py" start="login"/>
	<extension point="xbmc.python.script" library="default.py">
		<provides>executable</provides>
	</extension>
	<extension point="xbmc.addon.metadata">
		<summary lang="en_GB">Language Preference Manager</summary>
		<description lang="en_GB">Sets the audio and subtitle track according to your language preferences</description>
		<disclaimer lang="en_GB">For bugs, requests or general questions visit the Language Preference Manager thread on the Kodi forum.</disclaimer>
		<platform>all</platform>
		<news>0.1.3     : Updated with changes required for Kodi 19 / Python 3 + Fixed Languages labels/tables, ConditionnalSubs to None, Custom settings
0.1.4BETA : Conditional Subtitles rules are re-assessed on-the-fly when toggling audio tracks
0.1.5     : Some minor optimisation
0.1.6     : Fix Custom CondSubs not working. Switch to ignore 'Signs' tracks. Add special 'Any' audio language code. Fix some typos</news>
		<assets>
			<icon>resources/icon.png</icon>
		</assets>
	</extension>
</addon>