<?xml version="1.0" encoding="UTF-8"?>
<addon id="plugin.video.vietmediafplus" version="1.1.0" name="VietMediaF Plus" provider-name="mkendo">
<requires>
  <import addon="xbmc.python" version="3.0.0"/>
  <import addon="script.module.pyqrcode"/>
  <import addon="script.module.codequick"/>    
</requires>
<extension point="xbmc.python.pluginsource" library="main.py">
  <provides>video</provides>
</extension>
<extension point="xbmc.addon.metadata">
  <reuselanguageinvoker>true</reuselanguageinvoker>
  <summary lang="vi">VietMediaF Plus</summary>
  <description lang="vi_GB">VietMediaF Plus là addon được phát triển bởi cộng đồng KODI Việt Nam</description>
  <disclaimer lang="vi_GB">Nội dung được chia sẻ bởi người dùng internet, VietMediaF Plus không kiểm soát cũng như không chịu trách nhiệm về nội dung được chia sẻ. Khán giả đồng ý và cân nhắc nội dung khi sử dụng tài nguyên.</disclaimer>
  <assets>
    <icon>icon.png</icon>
  </assets>
  <news>
V1.1.0_14/11
Ủng hộ quỹ Vì người nghèo Việt Nam
 - VBSP (Ngân hàng Chính sách xã hội)
 - CTK: Quỹ Vì người nghèo trung ương
 - STK: 1000001000171717
  </news>
</extension>
</addon>