<?xml version="1.0" encoding="UTF-8" standalone="yes"?>
<addon id="script.module.cloudscraperkd" name="CloudScraper KODI" version="1.2.68" provider-name="mkendo">
  <requires>
    <import addon="xbmc.python" version="3.0.0"/>
    <import addon="script.module.requests" version="2.9.2"/>
	<import addon="script.module.requests-toolbelt" version="0.9.1"/>
	<import addon="script.module.pyparsing" version="2.4.7"/>
  </requires>
  <extension point="xbmc.python.module" library="lib" />
  <extension point="xbmc.python.pluginsource" library="lib" />
  <extension point="xbmc.addon.metadata">
    <summary lang="en_gb">cloudscraper</summary>
    <description lang="en_gb">cloudscraper</description>
    <disclaimer lang="en_gb"></disclaimer>
    <language></language>
    <platform>all</platform>
    <license></license>
    <forum></forum>
    <website></website>
    <email></email>
    <source></source>
  </extension>
</addon>
