<?xml version="1.0" encoding="UTF-8" standalone="yes"?>
<addon id="script.module.cloudscraper" name="CloudScraper Kodi" version="1.2.68" provider-name="venomous, mkendo">
  <requires>
    <import addon="xbmc.python" version="3.0.0"/>
    <import addon="script.module.requests" />
	<import addon="script.module.requests_toolbelt" />
  </requires>
  <extension point="xbmc.python.module" library="lib" />
  <extension point="xbmc.python.pluginsource" library="lib" />
  <extension point="xbmc.addon.metadata">
    <reuselanguageinvoker>true</reuselanguageinvoker>
    <summary lang="en_gb">cloudscraper</summary>
    <description lang="en_gb">cloudscraper</description>
    <disclaimer lang="en_gb"></disclaimer>
	<platform>all</platform>
	<assets>
      <icon>resources/icon.png</icon>
    </assets>
	<news>10/1/2023</news>
  </extension>
</addon>
