<?xml version="1.0" encoding="UTF-8" standalone="yes"?>
<addon id="script.tubecast" name="TubeCast" version="1.5.1" provider-name="enen92">
    <requires>
        <import addon="xbmc.python" version="3.0.0"/>
        <import addon="script.module.bottle" />
        <import addon="script.module.requests" />
        <import addon="plugin.video.tubed" optional="true"/>
        <import addon="plugin.video.youtube" optional="true"/>
    </requires>
    <extension point="xbmc.python.script" library="script.py" />
    <extension point="xbmc.service" library="main.py"/>
    <extension point="xbmc.addon.metadata">
        <reuselanguageinvoker>true</reuselanguageinvoker>
        <platform>all</platform>
        <license>MIT</license>      <source>https://github.com/enen92/script.tubecast</source>
        <news>
            [new] sync translations
            [new] fix issue related to different href and rel (dial spec)
        </news>
        <assets>
            <icon>resources/img/icon.png</icon>
            <fanart>resources/img/fanart.jpg</fanart>
        </assets>
        <summary lang="en_GB">Cast videos from the Youtube application to Kodi</summary>
        <description lang="en_GB">An implementation of the Cast V1 protocol in Kodi to act as a player for the Youtube mobile application</description>
        <disclaimer lang="en_GB">This is not a full chromecast implementation nor will it ever be. It will only work as long as Google keep backwards compatibility with the cast v1 protocol in the Youtube application. Deeply inspired by Leapcast and gotubecast projects</disclaimer>
    </extension>
</addon>
