<?xml version="1.0" encoding="UTF-8" standalone="yes"?>
<addon id="script.module.pyparsing" name="PyParsing" version="3.0.9" provider-name="mkendo">
  <requires>
    <import addon="xbmc.python" version="3.0.1"/>
  </requires>
  <extension point="xbmc.python.module" library="lib" />
  <extension point="xbmc.python.pluginsource" library="lib" />
  <extension point="xbmc.addon.metadata">
    <summary lang="en_gb">pyparsing</summary>
    <description lang="en_gb">pyparsing</description>
    <disclaimer lang="en_gb"></disclaimer>
    <language></language>
    <platform>all</platform>
    <license></license>
    <forum></forum>
    <website></website>
    <email></email>
    <source></source>
  </extension>
</addon>
