<?xml version="1.0" encoding="UTF-8" standalone="yes"?>
<addon id="kodivietnam" name="Kho tiện ích KODI Việt Nam" version="0.0.1" provider-name="mkendo">
	<extension point="xbmc.addon.repository" name="Kho tien ich Kodi VietNam">
		<dir>
			<info compressed="false">https://raw.githubusercontent.com/kodivietnam/kodivn/master/addons.xml</info>
			<checksum>https://random-word-api.herokuapp.com/word</checksum>
			<datadir zip="true">https://github.com/kodivietnam/kodivn/raw/master/repos/</datadir>
		</dir>
		<dir>
		<info compressed="false">https://raw.githubusercontent.com/Gujal00/smrzips/master/addons.xml</info>
		<checksum>https://raw.githubusercontent.com/Gujal00/smrzips/master/addons.xml.md5</checksum>
		<datadir zip="true">https://raw.githubusercontent.com/Gujal00/smrzips/master/zips/</datadir>
		</dir>
	</extension>
	<extension point="xbmc.addon.metadata">
		<summary lang="vi_VN">Kho tiện ích KODI Việt Nam</summary>
		<description lang="vi_VN">Yêu cầu:
			+ Kodi 20 trở lên.
			+ Mở chế độ "Cập nhật các tiện ích từ Bất kỳ kho lưu trữ nào" bằng cách:
			- Anh ngữ: Settings > System > Add-ons > Unknown sources > Any repositories
			- Việt ngữ: Cài đặt > Hệ thống > Tiện ích > Không rõ nguồn gốc > Bất kỳ kho lưu trữ nào
		</description>
		<disclaimer lang="vi_VN">Nội dung được chia sẻ và lưu trữ bởi một ứng dụng bên thứ ba. Chúng tôi không sở hữu, không lưu trữ nội dung này và sẽ không chịu trách nhiệm cho các vấn đề liên quan. Đề nghị khán giả cân nhắc nội dung khi sử dụng tài nguyên.</disclaimer>
		<platform>all</platform>
		<language>vi</language>
		<assets>
			<icon>icon.png</icon>
		</assets>
	</extension>
</addon>
