<?xml version="1.0" encoding="UTF-8" standalone="yes"?>
<addon id="script.module.requests_cache" name="requests-cache" version="0.9.8" provider-name="mkendo">
  <requires>
    <import addon="xbmc.python" version="3.0.1"/>
	<import addon="script.module.appdirs" version="1.4.4"/>
	<import addon="script.module.attrs" version="22.2.0"/>
	<import addon="script.module.cattrs" version="22.2.0"/>
	<import addon="script.module.requests" version="22.27.1"/>
	<import addon="script.module.url-normalize" version="1.4.3"/>
	<import addon="script.module.urllib3" version="1.26.13"/>
  </requires>
  <extension point="xbmc.python.module" library="lib" />
  <extension point="xbmc.python.pluginsource" library="lib" />
  <extension point="xbmc.addon.metadata">
    <summary lang="en_gb">requests-cache</summary>
    <description lang="en_gb">requests-cache</description>
    <disclaimer lang="en_gb"></disclaimer>
    <language></language>
    <platform>all</platform>
    <license></license>
    <forum></forum>
    <website></website>
    <email></email>
    <source></source>
  </extension>
</addon>
