<?xml version="1.0" encoding="UTF-8" standalone="yes"?>
<addon id="script.module.codequick" name="CodeQuick" provider-name="willforde" version="1.1.0">
    <requires>
        <import addon="xbmc.python" version="3.0.0"/>
        <import addon="script.module.youtube.dl" version="21.303.0"/>
        <import addon="script.module.htmlement" version="1.0.0"/>
        <import addon="script.module.requests" version="2.27.1"/>
    </requires>
    <extension point="xbmc.python.module" library="lib"/>
    <extension point="xbmc.addon.metadata">
	    <reuselanguageinvoker>true</reuselanguageinvoker>
        <summary lang="en_GB">Framework for creating kodi add-on's.</summary>
        <description lang="en_GB">Codequick is a framework for kodi add-on's. The goal of this framework is to simplify add-on development. This is achieved by reducing the amount of boilerplate code to a minimum, automating tasks like route dispatching and sort method selection. Ultimately allowing the developer to focus primarily on scraping content from websites and passing it to kodi.</description>
        <license>GPL-2.0-only</license>
        <source>https://github.com/willforde/script.module.codequick</source>
        <platform>all</platform>
        <assets>
            <icon>resources/icon.png</icon>
        </assets>
    </extension>
</addon>
