<?xml version="1.0" encoding="UTF-8" standalone="yes"?>
<addon id="plugin.video.vietmediaF" name="VietmediaF" version="2.0.2.beta.11.6" provider-name="ducnn">
    <requires>
    <import addon="xbmc.python" version="3.0.0"/>
    <import addon="script.module.six"/>
    <import addon="script.module.kodi-six"/>
    <import addon="script.module.requests"/>
    </requires>
    <extension point="xbmc.python.pluginsource" library="default.py">
        <provides>video</provides>
    </extension>
	<extension point="xbmc.service" library="autorun.py"/>
	<extension point="xbmc.addon.metadata">
        <reuselanguageinvoker>true</reuselanguageinvoker>
        <summary lang="en">VietmediaF for Kodi 20</summary>
        <description lang="en">
            VietmediaF
        </description>
        <disclaimer lang="en">Nội dung lấy trên mạng và do người dùng tự upload lên. VietmediaF không chịu trách nhiệm về nội dung hiển thị bên trong addon.
        </disclaimer>
        <platform>all</platform>
        <assets>
            <icon>icon.png</icon>
        </assets>
    </extension>
</addon>
