<?xml version="1.0" encoding="UTF-8" standalone="yes"?>
<addon id="script.module.url-normalize" name="url-normalize" version="1.4.3" provider-name="mkendo">
  <requires>
    <import addon="xbmc.python" version="3.0.1"/>
	<import addon="script.module.six" version="1.15.0"/>
  </requires>
  <extension point="xbmc.python.module" library="lib" />
  <extension point="xbmc.python.pluginsource" library="lib" />
  <extension point="xbmc.addon.metadata">
    <summary lang="en_gb">url-normalize</summary>
    <description lang="en_gb">url-normalize</description>
    <disclaimer lang="en_gb"></disclaimer>
    <language></language>
    <platform>all</platform>
    <license></license>
    <forum></forum>
    <website></website>
    <email></email>
    <source></source>
  </extension>
</addon>
