<?xml version="1.0" encoding="UTF-8" standalone="yes"?>
<addon id="plugin.Tool-KODIVN" name="[COLOR yellow][B] TOOL-KODIVN [/B][/COLOR] [COLOR yellow][B][/B][/COLOR]" version="2" provider-name="PHAPTX5">
    <requires>
        <import addon="xbmc.python" version="3.0.0" />
        <import addon="script.module.requests" />
    </requires>
    
    <extension point="xbmc.python.pluginsource" library="default.py">
        <provides>executable</provides>
    </extension>
    
    <extension point="xbmc.addon.metadata">
        <summary lang="en">TOOL-KODIVN</summary>
    <description lang="en">
- Công cụ tạo ra để sao lưu và khôi phục dữ liệu KODI dễ dàng
- Có sẵn các  giao diện KODI MOD Đẹp , Dễ sử dụng (PHÁP TX5) 
Nhằm tối ưu trải nghiệm của người dùng
- Kiểm tra tốc độ mạng của thiết bị
- Xoá bộ nhớ đệm 
- Thiết lập sẵn tối ưu Ram , bộ nhớ thiết bị
- Xem báo cáo lỗi KODI... vv














	</description>
    <platform>all</platform>
        <assets>
            <icon>icon.png</icon>
            <fanart>fanart.jpg</fanart>
        </assets>
    </extension>
</addon>
